name,email,phone,password,preferences,,,
Taunya  ,macmillan@gmail.com,(855) 104-2691,9HZv^C%,,,,
Tyesha  ,aldo@gmail.com,(833) 411-9980,Z7bx.'A,,,,
Lieselotte  ,allison@gmail.com,(844) 516-6609,*uJ0|YN,,,,
Gertrud  ,calorized@gmail.com,(844) 860-2484,^oZ3;wJ,,,,
Vesta  ,cookies@gmail.com,(833) 898-5801,}cJ7'z6,,,,
Milly  ,terebinthine@gmail.com,(855) 132-0234,N/T=7f3,,,,
Latoyia  ,unhelping@gmail.com,(822) 413-0134,jv1*hWs,,,,
Dian  ,raccoon@gmail.com,(899) 953-3370,"m.,:R7j",,,,
Margret  ,stalkingly@gmail.com,(855) 688-5807,%:)D2kD,,,,
Krystle  ,nondurableness@gmail.com,(899) 400-6354,IB4ix:`,,,,
Nerissa  ,overexplain@gmail.com,(822) 687-8128,"fIv4r""[",,,,
Latricia  ,rearticulated@gmail.com,(899) 824-2945,Xxz]7>u,,,,
Shauna  ,postthalamic@gmail.com,(833) 331-2493,rQYP0R(,,,,
Alicia  ,rackboard@gmail.com,(822) 944-2980,v|k7PQ%,,,,
Sharee  ,reniform@gmail.com,(833) 684-8139,"E,zN<5z",,,,
Francie  ,sabotage@gmail.com,(811) 531-5861,b3]{.WH,,,,
Lon  ,galvanised@gmail.com,(855) 035-4382,"Gr0q,x+",,,,
Otto  ,irritableness@gmail.com,(855) 275-2668,87;<{pI,,,,
Catrina  ,knitted@gmail.com,(844) 421-5605,aYo$GJ9,,,,
Michelle  ,livable@gmail.com,(855) 467-2385,E~nO849,,,,
Ewa  ,nicely@gmail.com,(844) 208-5808,S5Cmj<\,,,,
Sari  ,beard@gmail.com,(899) 843-4118,|X!6e1U,,,,
Araceli  ,unsmoldering@gmail.com,(833) 491-1063,*lAw-8t,,,,
Talisha  ,whitman@gmail.com,(844) 307-6939,7T=8Vnx,,,,
Georgianne  ,zymometer@gmail.com,(855) 377-2864,DG6u[i5,,,,
Shirl  ,fulfilled@gmail.com,(822) 172-2908,RR9m.o@,,,,
Alberta  ,imperialize@gmail.com,(844) 005-0785,O?'z(8F,,,,
Magan  ,nonimplemental@gmail.com,(899) 826-7569,1o1R!`G,,,,
Katelin  ,adonia@gmail.com,(811) 462-3360,p<Y#:9m,,,,
Kiesha  ,uncompliableness@gmail.com,(844) 426-3357,"B7oz<,!",,,,
Troy  ,unfraternised@gmail.com,,,,,,
Margarete  ,unplumb@gmail.com,,,,,,
Alla  ,rebound@gmail.com,,,,,,
Kelle  ,supermunicipal@gmail.com,,,,,,
Kizzie  ,giosue@gmail.com,,,,,,
Sanora  ,glossarial@gmail.com,,,,,,
Charolette  ,invention@gmail.com,,,,,,
Delmy  ,vacation@gmail.com,,,,,,
Quincy  ,flight@gmail.com,,,,,,
Arnoldo  ,wrench@gmail.com,,,,,,
Gertha  ,houses@gmail.com,,,,,,
Delmer  ,pies@gmail.com,,,,,,
Maxine  ,wool@gmail.com,,,,,,
Benny  ,boat@gmail.com,,,,,,
Ezequiel  ,ring@gmail.com,,,,,,
Althea  ,earth@gmail.com,,,,,,
Melodee  ,limit@gmail.com,,,,,,
Suzie  ,girl@gmail.com,,,,,,
Eulah  ,sneeze@gmail.com,,,,,,
Abel  ,bead@gmail.com,,,,,,
,,,,,,,
,,,,,,,
,,,,,,,
,,,,,,,
